INSERT INTO roles VALUES
('564716bf-315e-4dd4-85dc-56e1d682b2e1','user'),
('683b9562-dc45-4e73-9ac5-ddb5cfd9c4d6','admin');

INSERT INTO users VALUES
('5f9f027c-68c3-49cc-b2ca-a8b0ecc3646a','admin','{bcrypt}$2a$10$9JJNeyuLyhFFwVkkHXxfZ.WMU2kzadeWJGBG8PnG1gCA1UgQ22vMO'),
('dfbcb1e5-fc35-48dc-af88-876f69a1743d','user1','{bcrypt}$2a$10$bEwyNwDae3vPOUCZ7wleiuJnWTKgQHpzBncR4mE1lm.giqXVpLxOq'),
('2875c022-05a9-455e-8fc7-9090f89628e1','Olena','{bcrypt}$2a$10$rjsTVoA3MqaFIONh.d0iPOoNxB/9qMI5liLuNkI8vYLBn/lMlk5zm'),
('45f0ca02-3277-4e6a-983e-fb85cad4ab99','Amelia','{bcrypt}$2a$10$RiBi9yk6HrYwuW8Qlto6W.BccsPbRxV1CNKb2veIpowcaiuBOozBi');

INSERT INTO user_role VALUES
('5f9f027c-68c3-49cc-b2ca-a8b0ecc3646a','683b9562-dc45-4e73-9ac5-ddb5cfd9c4d6'),
('dfbcb1e5-fc35-48dc-af88-876f69a1743d','564716bf-315e-4dd4-85dc-56e1d682b2e1'),
('45f0ca02-3277-4e6a-983e-fb85cad4ab99','564716bf-315e-4dd4-85dc-56e1d682b2e1'),
('2875c022-05a9-455e-8fc7-9090f89628e1','564716bf-315e-4dd4-85dc-56e1d682b2e1');

INSERT INTO notes VALUES
('0b489386-2f06-4645-9702-961121dddb2a','PUBLIC','Control work','<script defer src=\"//mathjax.rstudio.com/latest/MathJax.js?config=TeX-MML-AM_CHTML\"></script>\r\n**Варіант 1**\r\n1. Розкладіть на множники:\r\n$$7a^2 - 7b^2$$\r\n$$2a^3 - 2b^3$$\r\n$$4a^3 - 4a$$\r\n$$3p^2 + 6pq + 3q^2$$\r\n#\r\n**Варіант 2**\r\n1. Розкладіть на множники:\r\n$$5a^2 - 5b^2$$\r\n$$6a - 6ab^3$$\r\n$$3y^4 - 3y^2$$\r\n$$2xb^2 + 8xb + 8x$$','2875c022-05a9-455e-8fc7-9090f89628e1'),('355eb8cf-e893-4052-bcad-12dc61807f52','PUBLIC','GoIT students','<script defer src=\"//mathjax.rstudio.com/latest/MathJax.js?config=TeX-MML-AM_CHTML\"></script>\r\n<p align=\"left\">\r\n<img src=\"https://goit.ua/wp-content/themes/2/images/Layer.png\">\r\n<img src=\"https://goit.ua/wp-content/themes/2/images/result-t.png\"\r\nstyle=\"width:100%; border:0;\">\r\n</p>','dfbcb1e5-fc35-48dc-af88-876f69a1743d'),('3849fdf6-39ba-4e00-b78e-215d83db33ed','PUBLIC','Formulas','<script defer src=\"//mathjax.rstudio.com/latest/MathJax.js?config=TeX-MML-AM_CHTML\"></script>\r\n$$(a+b)^2=a^2+2ab +b^2$$\r\n$$(a-b)^2=a^2-2ab +b^2$$\r\n$$a^2-b^2=(a-b)(a+b)$$\r\n$$(a+b)^3=a^3+3a^2b+3ab^2 +b^3$$\r\n$$(a-b)^3=a^3-3a^2b+3ab^2 -b^3$$\r\n$$a^3 + b^3=(a+b)(a^2 - ab + b^2)$$\r\n$$a^3 - b^3=(a-b)(a^2 + ab + b^2)$$','2875c022-05a9-455e-8fc7-9090f89628e1'),('5687db54-9f91-4e1c-b2b0-3e0b8542304f','PUBLIC','Instructions for running','#### \\~Notes Management System~\r\n###### _GoIT final project of Group 1_\r\n\r\n###### INSTRUCTIONS FOR RUNNING application locally:\r\n- Customize application.yaml according to chosen DB configuration.\r\n- Use http://localhost:9999/ to reach the application.','dfbcb1e5-fc35-48dc-af88-876f69a1743d'),('6d42d6ea-3577-44fe-a9a0-565f84c0cee3','PUBLIC','Shopping list','## Need to buy\r\n- pasta\r\n- bread\r\n- juice\r\n    - orange\r\n    - veg\r\n- eggs\r\n- onion\r\n- garlik\r\n- water\r\n- milk','45f0ca02-3277-4e6a-983e-fb85cad4ab99'),('8d514bdd-d412-427d-80ca-b3b77c6e343d','PUBLIC','Different equations','<script defer src=\"//mathjax.rstudio.com/latest/MathJax.js?config=TeX-MML-AM_CHTML\"></script>\r\n\r\n$$ e^{i \\pi} + 1 = 0$$\r\n$$\\int_a^b \\oint$$\r\n$$x \\times y$$ \r\n$$x \\div y$$\r\n$$\\dfrac{x}{y}$$\r\n$$\\sqrt{x}$$\r\n$$\\left [ – \\frac{\\hbar^2}{2 m} \\frac{\\partial^2}{\\partial x^2} + V \\right ] \\Psi = i \\hbar \\frac{\\partial}{\\partial t} \\Psi$$','2875c022-05a9-455e-8fc7-9090f89628e1'),('a86be205-72ba-45ef-b1c7-3cb9d463b4dc','PUBLIC','Control work 1 answer','<script defer src=\"//mathjax.rstudio.com/latest/MathJax.js?config=TeX-MML-AM_CHTML\"></script>\r\n**Варіант 1**\r\n$$7a^2 - 7b^2=7(a^2-b^2) = 7(a-b)(a+b)$$\r\n$$2a^3 - 2b^3=2(a^3 - b^3)=2(a-b)(a^2+ab +b^2)$$\r\n$$4a^3 - 4a=4a(a^2-1^2)=4a(a-1)(a+1)$$\r\n$$3p^2 + 6pq + 3q^2=3(p^2 + 2pq + q^2)=3(p + q)^2$$\r\n**Варіант 2**\r\n$$5a^2 - 5b^2=5(a^2 - b^2)=5(a-b)(a+b)$$\r\n$$6a - 6ab^3=6a(1^3-b^3)= 6a(1-b)(1+a +a^2)$$\r\n$$3y^4 - 3y^2=3y^2(y^2-1^2)=3y^2(y-1)(y+1)$$\r\n$$2xb^2 + 8xb + 8x=2x(b^2 + 4b + 1^2)=2x(b+1)^2$$\r\n','2875c022-05a9-455e-8fc7-9090f89628e1'),('e79e7692-23f9-4123-90a5-1a7f01f68463','PUBLIC','To do list','## Today is 22/02/2022\r\n- Make coffee\r\n- Doctor 10 AM\r\n- Lunch at Starbucks\r\n- Meeting Austria 1 PM\r\n- Finish Austria contract\r\n- Meeting direction 5 PM\r\n- Dinner with Seam 8 PM','45f0ca02-3277-4e6a-983e-fb85cad4ab99');

